,,,,,,,,,,,,,PO multiplier,Exchange rate
,,,,,,,,,,,,JPY,1.1440000000000001,0.26
,,,,,,,,,,,,USD,1.16688,38
Category,Part No.,Previous Model No. ,New Model No. ,Unit ,"Manufacturer's suggested 
retail price","(New) Manufacturer's suggested 
retail price",Conversion to FT,% dif for cost,"(TTCL Internal Use)
PO Price","PO price
JPY/USD",PO price currency,REMARK (internal),"(TTCL Internal Use)
 THB Cost","(TTCL Internal Use)
GP",Pricelist Name,Multipiler,"Make same Price as Standard Price (THB)
=JPY/USD*Mul.","(New)
Make same Price as Standard Price","Standard Price (THB)
*Copy from excel",เช็คความต่าง %,"DIST. PL
 MUL.",Dist. Ex rate,Unit price (THB),(NEW) Unit price (THB),% dif for Unit price (SP),Status,Supplier Name,"Stock Reference 
(RPP)","Cutting &
Assembly",Detail
S41,0008,,TSB151-COM,SET,157000,157000,1,,0.42,65940,JPY(¥),,19613.193600000006,0.1405073029645695,PTUC PRODUCT (KTE ),0.6459872611464968,101420,101420,101420,,1,0.225,22819.5,22819.5,,,MC
S45,1421,,TSB020ED,SET,36300,36300,1,"{""sharedFormula"":""I5""}",0.42,15246,JPY(¥),,4534.770240000001,0.14308952380952367,PTUC PRODUCT (KTE ),0.6479338842975206,23520,23520,23520,"{""sharedFormula"":""U5""}",1,0.225,5292,5292,"{""sharedFormula"":""Z5""}",,MC
S45,1422,,TSB075ED,SET,36300,36300,1,"{""sharedFormula"":""I5""}",0.42,15246,JPY(¥),,4534.770240000001,0.14308952380952367,PTUC PRODUCT (KTE ),0.6479338842975206,23520,23520,23520,"{""sharedFormula"":""U5""}",1,0.225,5292,5292,"{""sharedFormula"":""Z5""}",,MC
S45,1423,,TSB220ED,SET,36300,36300,1,"{""sharedFormula"":""I5""}",0.42,15246,JPY(¥),,4534.770240000001,0.14308952380952367,PTUC PRODUCT (KTE ),0.6479338842975206,23520,23520,23520,"{""sharedFormula"":""U5""}",1,0.225,5292,5292,"{""sharedFormula"":""Z5""}",,MC
S45,1424,,TSB550ED,SET,36300,36300,1,"{""sharedFormula"":""I5""}",0.42,15246,JPY(¥),,4534.770240000001,0.14308952380952367,PTUC PRODUCT (KTE ),0.6479338842975206,23520,23520,23520,"{""sharedFormula"":""U5""}",1,0.225,5292,5292,"{""sharedFormula"":""Z5""}",,MC
S47,1121,,TSBSB05,SET,16900,16900,1,"{""sharedFormula"":""I5""}",0.42,7098,JPY(¥),,2111.2291200000004,0.14775290342113212,PTUC PRODUCT (KTE ),0.6514792899408284,11010,11010,11010,"{""sharedFormula"":""U5""}",1,0.225,2477.25,2477.25,"{""sharedFormula"":""Z5""}",,MC
S47,1122,,TSBSB10,SET,16900,16900,1,"{""sharedFormula"":""I5""}",0.42,7098,JPY(¥),,2111.2291200000004,0.14775290342113212,PTUC PRODUCT (KTE ),0.6514792899408284,11010,11010,11010,"{""sharedFormula"":""U5""}",1,0.225,2477.25,2477.25,"{""sharedFormula"":""Z5""}",,MC
S47,1123,,TSBSB30,SET,16900,16900,1,"{""sharedFormula"":""I5""}",0.42,7098,JPY(¥),,2111.2291200000004,0.14775290342113212,PTUC PRODUCT (KTE ),0.6514792899408284,11010,11010,11010,"{""sharedFormula"":""U5""}",1,0.225,2477.25,2477.25,"{""sharedFormula"":""Z5""}",,MC
S47,1124,,TSBSB60,SET,16900,16900,1,"{""sharedFormula"":""I5""}",0.42,7098,JPY(¥),,2111.2291200000004,0.14775290342113212,PTUC PRODUCT (KTE ),0.6514792899408284,11010,11010,11010,"{""sharedFormula"":""U5""}",1,0.225,2477.25,2477.25,"{""sharedFormula"":""Z5""}",,MC
R21,0501,,MZ20,PC,63238,63238,1,,0.48,30354.239999999998,JPY(¥),,9028.5651456,0.04009386401294978,PTUC PRODUCT (KTE ),0.6610424112084506,41803,41803,41803,,1,0.225,9405.675000000001,9405.675000000001,,,MC
R21,0502,,MZ30,PC,86095,86095,1,"{""sharedFormula"":""I14""}",0.48,41325.6,JPY(¥),,12291.886464000001,0.039461863619047535,PTUC PRODUCT (KTE ),0.6606074684941053,56875,56875,56875,"{""sharedFormula"":""U14""}",1,0.225,12796.875,12796.875,"{""sharedFormula"":""Z14""}",,MC
R21,0604,,MZ35,PC,102286,102286,1,,0.48,49097.28,JPY(¥),,14603.494963200003,0.03833903190501578,PTUC PRODUCT (KTE ),0.6598361457090902,67492,67492,67492,,1,0.225,15185.7,15185.7,,,MC
R21,0503,,MZ45,PC,120571,120571,1,"{""sharedFormula"":""I16""}",0.48,57874.079999999994,JPY(¥),,17214.0663552,0.03917110518339914,PTUC PRODUCT (KTE ),0.6604075606903816,79626,79626,79626,"{""sharedFormula"":""U16""}",1,0.225,17915.850000000002,17915.850000000002,"{""sharedFormula"":""Z16""}",,MC
R21,0504,,MZ60,PC,145524,145524,1,"{""sharedFormula"":""I16""}",0.48,69851.52,JPY(¥),,20776.636108800005,0.04025812326688408,PTUC PRODUCT (KTE ),0.6611555482257222,96214,96214,96214,"{""sharedFormula"":""U16""}",1,0.225,21648.15,21648.15,"{""sharedFormula"":""Z16""}",,MC
R21,0505,,MZ70,PC,221333,221333,1,"{""sharedFormula"":""I16""}",0.48,106239.84,JPY(¥),,31599.978009600003,0.04041195478697353,PTUC PRODUCT (KTE ),0.661261538044485,146359,146359,146359,"{""sharedFormula"":""U16""}",1,0.225,32930.775,32930.775,"{""sharedFormula"":""Z16""}",,MC
R12,0101,,PB3-LH,PC,59810,59810,1,"{""sharedFormula"":""I16""}",0.4,23924,JPY(¥),,7115.954560000001,0.08230668510834474,PTUC PRODUCT (KTE ),0.5762079919745862,34463,34463,34463,"{""sharedFormula"":""U16""}",1,0.225,7754.175,7754.175,"{""sharedFormula"":""Z16""}",,MC
R12,0102,,PB3-RH,PC,59810,59810,1,"{""sharedFormula"":""I16""}",0.4,23924,JPY(¥),,7115.954560000001,0.08230668510834474,PTUC PRODUCT (KTE ),0.5762079919745862,34463,34463,34463,"{""sharedFormula"":""U16""}",1,0.225,7754.175,7754.175,"{""sharedFormula"":""Z16""}",,MC
R12,0103,,PB5-LH,PC,76381,76381,1,"{""sharedFormula"":""I16""}",0.4,30552.4,JPY(¥),,9087.505856000002,0.08356972872672991,PTUC PRODUCT (KTE ),0.5770021340385698,44072,44072,44072,"{""sharedFormula"":""U16""}",1,0.225,9916.2,9916.2,"{""sharedFormula"":""Z16""}",,MC
R12,0104,,PB5-RH,PC,76381,76381,1,"{""sharedFormula"":""I16""}",0.4,30552.4,JPY(¥),,9087.505856000002,0.08356972872672991,PTUC PRODUCT (KTE ),0.5770021340385698,44072,44072,44072,"{""sharedFormula"":""U16""}",1,0.225,9916.2,9916.2,"{""sharedFormula"":""Z16""}",,MC
R12,0105,,PB6-LH,PC,96381,96381,1,"{""sharedFormula"":""I16""}",0.4,38552.4,JPY(¥),,11467.025856000002,0.08452381246631922,PTUC PRODUCT (KTE ),0.5776034695635032,55670,55670,55670,"{""sharedFormula"":""U16""}",1,0.225,12525.75,12525.75,"{""sharedFormula"":""Z16""}",,MC
R12,0106,,PB6-RH,PC,96381,96381,1,"{""sharedFormula"":""I16""}",0.4,38552.4,JPY(¥),,11467.025856000002,0.08452381246631922,PTUC PRODUCT (KTE ),0.5776034695635032,55670,55670,55670,"{""sharedFormula"":""U16""}",1,0.225,12525.75,12525.75,"{""sharedFormula"":""Z16""}",,MC
R12,0107,,PB8-LH,PC,111810,111810,1,"{""sharedFormula"":""I16""}",0.4,44724,JPY(¥),,13302.706560000002,0.0838592970222876,PTUC PRODUCT (KTE ),0.5771845094356498,64535.00000000001,64535.00000000001,64535,-1.1274436529299488e-16,1,0.225,14520.375000000002,14520.375000000002,"{""sharedFormula"":""Z16""}",,MC
R12,0108,,PB8-RH,PC,111810,111810,1,"{""sharedFormula"":""I16""}",0.4,44724,JPY(¥),,13302.706560000002,0.0838592970222876,PTUC PRODUCT (KTE ),0.5771845094356498,64535.00000000001,64535.00000000001,64535,-1.1274436529299488e-16,1,0.225,14520.375000000002,14520.375000000002,"{""sharedFormula"":""Z16""}",,MC
R12,0109,,PB10-LH,PC,114476,114476,1,"{""sharedFormula"":""I16""}",0.4,45790.4,JPY(¥),,13619.896576000003,0.08434746144834857,PTUC PRODUCT (KTE ),0.5774922254446346,66109,66109,66109,"{""sharedFormula"":""U16""}",1,0.225,14874.525,14874.525,"{""sharedFormula"":""Z16""}",,MC
R12,0110,,PB10-RH,PC,114476,114476,1,"{""sharedFormula"":""I16""}",0.4,45790.4,JPY(¥),,13619.896576000003,0.08434746144834857,PTUC PRODUCT (KTE ),0.5774922254446346,66109,66109,66109,"{""sharedFormula"":""U16""}",1,0.225,14874.525,14874.525,"{""sharedFormula"":""Z16""}",,MC
R12,0111,,PB12-LH,PC,147238,147238,1,"{""sharedFormula"":""I16""}",0.4,58895.200000000004,JPY(¥),,17517.788288000003,0.08489848571279301,PTUC PRODUCT (KTE ),0.5778399597929882,85080,85080,85080,"{""sharedFormula"":""U16""}",1,0.225,19143,19143,"{""sharedFormula"":""Z16""}",,MC
R12,0112,,PB12-RH,PC,147238,147238,1,"{""sharedFormula"":""I16""}",0.4,58895.200000000004,JPY(¥),,17517.788288000003,0.08489848571279301,PTUC PRODUCT (KTE ),0.5778399597929882,85080,85080,85080,"{""sharedFormula"":""U16""}",1,0.225,19143,19143,"{""sharedFormula"":""Z16""}",,MC
R12,0113,,PB14-LH,PC,228952,228952,1,"{""sharedFormula"":""I16""}",0.4,91580.8,JPY(¥),,27239.793152000006,0.08434053607159257,PTUC PRODUCT (KTE ),0.5774878577169014,132217,132217,132217,"{""sharedFormula"":""U16""}",1,0.225,29748.825,29748.825,"{""sharedFormula"":""Z16""}",,MC
R12,0114,,PB14-RH,PC,228952,228952,1,"{""sharedFormula"":""I16""}",0.4,91580.8,JPY(¥),,27239.793152000006,0.08434053607159257,PTUC PRODUCT (KTE ),0.5774878577169014,132217,132217,132217,"{""sharedFormula"":""U16""}",1,0.225,29748.825,29748.825,"{""sharedFormula"":""Z16""}",,MC
R13,0001,,B203,PC,16095,16095,1,"{""sharedFormula"":""I16""}",0.43,6920.849999999999,JPY(¥),,2058.537624,0.037346790123456805,PTUC PRODUCT (KTE ),0.5904939422180802,9504,9504,9504,"{""sharedFormula"":""U16""}",1,0.225,2138.4,2138.4,"{""sharedFormula"":""Z16""}",,MC
R13,0002,,B204,PC,17219,17219,1,"{""sharedFormula"":""I16""}",0.43,7404.17,JPY(¥),,2202.2963248000005,0.036520950312257126,PTUC PRODUCT (KTE ),0.5899878041698124,10159,10159,10159,"{""sharedFormula"":""U16""}",1,0.225,2285.775,2285.775,"{""sharedFormula"":""Z16""}",,MC
R13,0003,,B205,PC,19810,19810,1,"{""sharedFormula"":""I16""}",0.43,8518.3,JPY(¥),,2533.683152,0.032077186789677775,PTUC PRODUCT (KTE ),0.5872791519434629,11634,11634,11634,"{""sharedFormula"":""U16""}",1,0.225,2617.65,2617.65,"{""sharedFormula"":""Z16""}",,MC
R13,0004,,B206,PC,21333,21333,1,"{""sharedFormula"":""I16""}",0.43,9173.19,JPY(¥),,2728.473633600001,0.038872197616971554,PTUC PRODUCT (KTE ),0.5914311161111893,12617,12617,12617,"{""sharedFormula"":""U16""}",1,0.225,2838.8250000000003,2838.8250000000003,"{""sharedFormula"":""Z16""}",,MC
R13,0005,,B207,PC,23619,23619,1,"{""sharedFormula"":""I16""}",0.43,10156.17,JPY(¥),,3020.8512048000007,0.041684128860337774,PTUC PRODUCT (KTE ),0.5931665184808841,14010.000000000002,14010.000000000002,14010,-1.2983507519956148e-16,1,0.225,3152.2500000000005,3152.2500000000005,"{""sharedFormula"":""Z16""}",,MC
R13,0006,,B208,PC,27810,27810,1,"{""sharedFormula"":""I16""}",0.43,11958.3,JPY(¥),,3556.876752,0.035253196631270536,PTUC PRODUCT (KTE ),0.5892125134843581,16386,16386,16386,"{""sharedFormula"":""U16""}",1,0.225,3686.85,3686.85,"{""sharedFormula"":""Z16""}",,MC
R13,0007,,B210,PC,32000,32000,1,"{""sharedFormula"":""I16""}",0.43,13760,JPY(¥),,4092.7744000000007,0.03470025236444252,PTUC PRODUCT (KTE ),0.588875,18844,18844,18844,"{""sharedFormula"":""U16""}",1,0.225,4239.900000000001,4239.900000000001,"{""sharedFormula"":""Z16""}",,MC
R14,0301,,LD04,PC,16800,16800,1,"{""sharedFormula"":""I16""}",0.48,8064,JPY(¥),,2398.55616,0.03987664595154466,PTUC PRODUCT (KTE ),0.6608928571428572,11103,11103,11103,"{""sharedFormula"":""U16""}",1,0.225,2498.175,2498.175,"{""sharedFormula"":""Z16""}",,MC
R14,0302,,LD05,PC,19238,19238,1,"{""sharedFormula"":""I16""}",0.48,9234.24,JPY(¥),,2746.6323456000005,0.042943561792761,PTUC PRODUCT (KTE ),0.6630107079738019,12755.000000000002,12755.000000000002,12755,-1.4260991011727606e-16,1,0.225,2869.8750000000005,2869.8750000000005,"{""sharedFormula"":""Z16""}",,MC
R14,0303,,LD06,PC,21333,21333,1,"{""sharedFormula"":""I16""}",0.48,10239.84,JPY(¥),,3045.7380096000006,0.04206260165593354,PTUC PRODUCT (KTE ),0.6624009750152346,14131,14131,14131,"{""sharedFormula"":""U16""}",1,0.225,3179.475,3179.475,"{""sharedFormula"":""Z16""}",,MC
R14,0304,,LD07,PC,23429,23429,1,"{""sharedFormula"":""I16""}",0.48,11245.92,JPY(¥),,3344.9864448000003,0.04129706446551019,PTUC PRODUCT (KTE ),0.6618720389261172,15507,15507,15507,"{""sharedFormula"":""U16""}",1,0.225,3489.0750000000003,3489.0750000000003,"{""sharedFormula"":""Z16""}",,MC
R14,0305,,LD08,PC,27238,27238,1,"{""sharedFormula"":""I16""}",0.48,13074.24,JPY(¥),,3888.8019456,0.0390011563710499,PTUC PRODUCT (KTE ),0.6602907702474484,17985,17985,17985,"{""sharedFormula"":""U16""}",1,0.225,4046.625,4046.625,"{""sharedFormula"":""Z16""}",,MC
R11,0210,,MG1100,PC,3253524,3253524,1,"{""sharedFormula"":""I16""}",0.4,1301409.6,JPY(¥),,387091.27142400004,0.08434414008076441,PTUC PRODUCT (KTE ),0.5774901307013565,1878878,1878878,1878878,"{""sharedFormula"":""U16""}",1,0.225,422747.55,422747.55,"{""sharedFormula"":""Z16""}",,MC
R11,0223,,MG1200,PC,5031048,5031048,1,"{""sharedFormula"":""I16""}",0.4,2012419.2000000002,JPY(¥),,598573.9668480001,0.08431937831362568,PTUC PRODUCT (KTE ),0.5774745142562743,2905302,2905302,2905302,"{""sharedFormula"":""U16""}",1,0.225,653692.9500000001,653692.9500000001,"{""sharedFormula"":""Z16""}",,MC
R11,0224,,MG1300,PC,6536952,6536952,1,"{""sharedFormula"":""I16""}",0.4,2614780.8000000003,JPY(¥),,777740.4011520002,0.08437512198313536,PTUC PRODUCT (KTE ),0.5775096711739661,3775153,3775153,3775153,"{""sharedFormula"":""U16""}",1,0.225,849409.425,849409.425,"{""sharedFormula"":""Z16""}",,MC
R11,0201,,MG300,PC,120571,120571,1,"{""sharedFormula"":""I16""}",0.4,48228.4,JPY(¥),,14345.055296000004,0.08381040818020967,PTUC PRODUCT (KTE ),0.5771537102620033,69588,69588,69588,"{""sharedFormula"":""U16""}",1,0.225,15657.300000000001,15657.300000000001,"{""sharedFormula"":""Z16""}",,MC
R11,0202,,MG400,PC,139048,139048,1,,0.4,55619.200000000004,JPY(¥),,16543.374848000003,0.08407212163742672,PTUC PRODUCT (KTE ),0.5773186237845924,80275,80275,80275,,1,0.225,18061.875,18061.875,,,MC
R11,0203,,MG500,PC,183810,183810,1,"{""sharedFormula"":""I50""}",0.4,73524,JPY(¥),,21868.978560000003,0.08411582643875277,PTUC PRODUCT (KTE ),0.5773461726783091,106122,106122,106122,"{""sharedFormula"":""U50""}",1,0.225,23877.45,23877.45,"{""sharedFormula"":""Z50""}",,MC
R11,0204,,MG600,PC,228952,228952,1,"{""sharedFormula"":""I50""}",0.4,91580.8,JPY(¥),,27239.793152000006,0.08434053607159257,PTUC PRODUCT (KTE ),0.5774878577169014,132217,132217,132217,"{""sharedFormula"":""U50""}",1,0.225,29748.825,29748.825,"{""sharedFormula"":""Z50""}",,MC
R11,0205,,MG700,PC,435429,435429,1,"{""sharedFormula"":""I50""}",0.4,174171.6,JPY(¥),,51805.600704000004,0.08424235073261528,PTUC PRODUCT (KTE ),0.5774259408537328,251428,251428,251428,"{""sharedFormula"":""U50""}",1,0.225,56571.3,56571.3,"{""sharedFormula"":""Z50""}",,MC
R11,0206,,MG750,PC,800000,800000,1,"{""sharedFormula"":""I50""}",0.4,320000,JPY(¥),,95180.80000000002,0.08422499896569653,PTUC PRODUCT (KTE ),0.577415,461932,461932,461932,"{""sharedFormula"":""U50""}",1,0.225,103934.7,103934.7,"{""sharedFormula"":""Z50""}",,MC
R11,0207,,MG800,PC,917333,917333,1,"{""sharedFormula"":""I50""}",0.4,366933.2,JPY(¥),,109140.61100800002,0.0843964161459587,PTUC PRODUCT (KTE ),0.5775231022976389,529781,529781,529781,"{""sharedFormula"":""U50""}",1,0.225,119200.725,119200.725,"{""sharedFormula"":""Z50""}",,MC
R15,0220,,MI1100,PC,3253524,3253524,1,"{""sharedFormula"":""I50""}",0.4,1301409.6,JPY(¥),,387091.27142400004,0.08434414008076441,PTUC PRODUCT (KTE ),0.5774901307013565,1878878,1878878,1878878,"{""sharedFormula"":""U50""}",1,0.225,422747.55,422747.55,"{""sharedFormula"":""Z50""}",,MC
R15,0221,,MI1200,PC,5031048,5031048,1,"{""sharedFormula"":""I50""}",0.4,2012419.2000000002,JPY(¥),,598573.9668480001,0.08431937831362568,PTUC PRODUCT (KTE ),0.5774745142562743,2905302,2905302,2905302,"{""sharedFormula"":""U50""}",1,0.225,653692.9500000001,653692.9500000001,"{""sharedFormula"":""Z50""}",,MC
R15,0222,,MI1300,PC,6536952,6536952,1,"{""sharedFormula"":""I50""}",0.4,2614780.8000000003,JPY(¥),,777740.4011520002,0.08437512198313536,PTUC PRODUCT (KTE ),0.5775096711739661,3775153,3775153,3775153,"{""sharedFormula"":""U50""}",1,0.225,849409.425,849409.425,"{""sharedFormula"":""Z50""}",,MC
R15,0211,,MI300,PC,120571,120571,1,"{""sharedFormula"":""I50""}",0.4,48228.4,JPY(¥),,14345.055296000004,0.08381040818020967,PTUC PRODUCT (KTE ),0.5771537102620033,69588,69588,69588,"{""sharedFormula"":""U50""}",1,0.225,15657.300000000001,15657.300000000001,"{""sharedFormula"":""Z50""}",,MC
R15,0212,,MI400,PC,139048,139048,1,"{""sharedFormula"":""I50""}",0.4,55619.200000000004,JPY(¥),,16543.374848000003,0.08407212163742672,PTUC PRODUCT (KTE ),0.5773186237845924,80275,80275,80275,"{""sharedFormula"":""U50""}",1,0.225,18061.875,18061.875,"{""sharedFormula"":""Z50""}",,MC
R15,0213,,MI500,PC,183810,183810,1,"{""sharedFormula"":""I50""}",0.4,73524,JPY(¥),,21868.978560000003,0.08411582643875277,PTUC PRODUCT (KTE ),0.5773461726783091,106122,106122,106122,"{""sharedFormula"":""U50""}",1,0.225,23877.45,23877.45,"{""sharedFormula"":""Z50""}",,MC
R15,0214,,MI600,PC,228952,228952,1,"{""sharedFormula"":""I50""}",0.4,91580.8,JPY(¥),,27239.793152000006,0.08434053607159257,PTUC PRODUCT (KTE ),0.5774878577169014,132217,132217,132217,"{""sharedFormula"":""U50""}",1,0.225,29748.825,29748.825,"{""sharedFormula"":""Z50""}",,MC
R15,0215,,MI700,PC,435429,435429,1,"{""sharedFormula"":""I50""}",0.4,174171.6,JPY(¥),,51805.600704000004,0.08424235073261528,PTUC PRODUCT (KTE ),0.5774259408537328,251428,251428,251428,"{""sharedFormula"":""U50""}",1,0.225,56571.3,56571.3,"{""sharedFormula"":""Z50""}",,MC
R15,0216,,MI750,PC,800000,800000,1,"{""sharedFormula"":""I50""}",0.4,320000,JPY(¥),,95180.80000000002,0.08422499896569653,PTUC PRODUCT (KTE ),0.577415,461932,461932,461932,"{""sharedFormula"":""U50""}",1,0.225,103934.7,103934.7,"{""sharedFormula"":""Z50""}",,MC
R15,0217,,MI800,PC,917333,917333,1,"{""sharedFormula"":""I50""}",0.4,366933.2,JPY(¥),,109140.61100800002,0.0843964161459587,PTUC PRODUCT (KTE ),0.5775231022976389,529781,529781,529781,"{""sharedFormula"":""U50""}",1,0.225,119200.725,119200.725,"{""sharedFormula"":""Z50""}",,MC
R16,0401,,MX22,PC,148571,148571,1,"{""sharedFormula"":""I50""}",0.48,71314.08,JPY(¥),,21211.659955200004,0.039822738477416415,PTUC PRODUCT (KTE ),0.6608557524685167,98184,98184,98184,"{""sharedFormula"":""U50""}",1,0.225,22091.4,22091.4,"{""sharedFormula"":""Z50""}",,MC
R16,0402,,MX35,PC,197143,197143,1,"{""sharedFormula"":""I50""}",0.48,94628.64,JPY(¥),,28146.342681600006,0.039947380179073594,PTUC PRODUCT (KTE ),0.660941550042355,130299.99999999999,130299.99999999999,130300,1.116800861731915e-16,1,0.225,29317.499999999996,29317.499999999996,"{""sharedFormula"":""Z50""}",,MC
R16,0403,,MX50,PC,243238,243238,1,"{""sharedFormula"":""I50""}",0.48,116754.23999999999,JPY(¥),,34727.3811456,0.03884073332046346,PTUC PRODUCT (KTE ),0.660180563892155,160581,160581,160581,"{""sharedFormula"":""U50""}",1,0.225,36130.725,36130.725,"{""sharedFormula"":""Z50""}",,MC
R16,0404,,MX70,PC,437333,437333,1,"{""sharedFormula"":""I50""}",0.48,209919.84,JPY(¥),,62438.55720960001,0.03992562158372094,PTUC PRODUCT (KTE ),0.660926570828179,289045,289045,289045,"{""sharedFormula"":""U50""}",1,0.225,65035.125,65035.125,"{""sharedFormula"":""Z50""}",,MC
R51,5000,,BB15,PC,3130,3130,1,"{""sharedFormula"":""I50""}",1,3130,JPY(¥),,930.9872000000001,0.2763692044615443,PTUC PRODUCT (KTE ),1.8268370607028754,5718,5718,5718,"{""sharedFormula"":""U50""}",1,0.225,1286.55,1286.55,"{""sharedFormula"":""Z50""}",,MC
R51,5001,,BB17,PC,2920,2920,1,"{""sharedFormula"":""I50""}",1,2920,JPY(¥),,868.5248000000001,0.27564079147640785,PTUC PRODUCT (KTE ),1.825,5329,5329,5329,"{""sharedFormula"":""U50""}",1,0.225,1199.025,1199.025,"{""sharedFormula"":""Z50""}",,MC
R51,5002,,BB20,PC,3130,3130,1,"{""sharedFormula"":""I50""}",1,3130,JPY(¥),,930.9872000000001,0.2763692044615443,PTUC PRODUCT (KTE ),1.8268370607028754,5718,5718,5718,"{""sharedFormula"":""U50""}",1,0.225,1286.55,1286.55,"{""sharedFormula"":""Z50""}",,MC
R51,5003,,BB25,PC,3210,3210,1,"{""sharedFormula"":""I50""}",1,3210,JPY(¥),,954.7824,0.27449524135179804,PTUC PRODUCT (KTE ),1.8221183800623053,5849,5849,5849,"{""sharedFormula"":""U50""}",1,0.225,1316.025,1316.025,"{""sharedFormula"":""Z50""}",,MC
R51,5004,,BB30,PC,3570,3570,1,"{""sharedFormula"":""I50""}",1,3570,JPY(¥),,1061.8608000000002,0.2736060745985326,PTUC PRODUCT (KTE ),1.8198879551820728,6497,6497,6497,"{""sharedFormula"":""U50""}",1,0.225,1461.825,1461.825,"{""sharedFormula"":""Z50""}",,MC
R51,5005,,BB35,PC,3990,3990,1,"{""sharedFormula"":""I50""}",1,3990,JPY(¥),,1186.7856000000002,0.2751679721496953,PTUC PRODUCT (KTE ),1.8238095238095238,7277,7277,7277,"{""sharedFormula"":""U50""}",1,0.225,1637.325,1637.325,"{""sharedFormula"":""Z50""}",,MC
R51,5006,,BB40,PC,4420,4420,1,"{""sharedFormula"":""I50""}",1,4420,JPY(¥),,1314.6848000000002,0.2747867003158053,PTUC PRODUCT (KTE ),1.8228506787330316,8057,8057,8057,"{""sharedFormula"":""U50""}",1,0.225,1812.825,1812.825,"{""sharedFormula"":""Z50""}",,MC
R51,5100,,BB15-1K-K,PC,3360,3360,1,"{""sharedFormula"":""I50""}",1,3360,JPY(¥),,999.3984000000002,0.2729136247067168,PTUC PRODUCT (KTE ),1.818154761904762,6109,6109,6109,"{""sharedFormula"":""U50""}",1,0.225,1374.525,1374.525,"{""sharedFormula"":""Z50""}",,MC
R51,5101,,BB17-1K-K,PC,3130,3130,1,"{""sharedFormula"":""I50""}",1,3130,JPY(¥),,930.9872000000001,0.2763692044615443,PTUC PRODUCT (KTE ),1.8268370607028754,5718,5718,5718,"{""sharedFormula"":""U50""}",1,0.225,1286.55,1286.55,"{""sharedFormula"":""Z50""}",,MC
R51,5102,,BB20-1K-K,PC,3360,3360,1,"{""sharedFormula"":""I50""}",1,3360,JPY(¥),,999.3984000000002,0.2729136247067168,PTUC PRODUCT (KTE ),1.818154761904762,6109,6109,6109,"{""sharedFormula"":""U50""}",1,0.225,1374.525,1374.525,"{""sharedFormula"":""Z50""}",,MC
R51,5103,,BB25-1K-K,PC,3420,3420,1,"{""sharedFormula"":""I50""}",1,3420,JPY(¥),,1017.2448000000002,0.27511816578483234,PTUC PRODUCT (KTE ),1.8236842105263158,6237,6237,6237,"{""sharedFormula"":""U50""}",1,0.225,1403.325,1403.325,"{""sharedFormula"":""Z50""}",,MC
R51,5104,,BB30-1K-K,PC,3930,3930,1,"{""sharedFormula"":""I50""}",1,3930,JPY(¥),,1168.9392,0.2731833613131878,PTUC PRODUCT (KTE ),1.8188295165394401,7148,7148,7148,"{""sharedFormula"":""U50""}",1,0.225,1608.3,1608.3,"{""sharedFormula"":""Z50""}",,MC
R51,5105,,BB35-1K-K,PC,4210,4210,1,"{""sharedFormula"":""I50""}",1,4210,JPY(¥),,1252.2224000000003,0.2742001970671765,PTUC PRODUCT (KTE ),1.821377672209026,7668,7668,7668,"{""sharedFormula"":""U50""}",1,0.225,1725.3,1725.3,"{""sharedFormula"":""Z50""}",,MC
R51,5106,,BB40-1K-K,PC,4560,4560,1,"{""sharedFormula"":""I50""}",1,4560,JPY(¥),,1356.3264000000001,0.2753795728653283,PTUC PRODUCT (KTE ),1.8243421052631579,8319,8319,8319,"{""sharedFormula"":""U50""}",1,0.225,1871.775,1871.775,"{""sharedFormula"":""Z50""}",,MC
R51,5200,,BB15-2K-K,PC,3840,3840,1,"{""sharedFormula"":""I50""}",1,3840,JPY(¥),,1142.1696000000002,0.27605400266210295,PTUC PRODUCT (KTE ),1.8260416666666666,7012,7012,7012,"{""sharedFormula"":""U50""}",1,0.225,1577.7,1577.7,"{""sharedFormula"":""Z50""}",,MC
R51,5201,,BB17-2K-K,PC,3640,3640,1,"{""sharedFormula"":""I50""}",1,3640,JPY(¥),,1082.6816000000003,0.27345338634724087,PTUC PRODUCT (KTE ),1.8195054945054945,6623,6623,6623,"{""sharedFormula"":""U50""}",1,0.225,1490.175,1490.175,"{""sharedFormula"":""Z50""}",,MC
R51,5202,,BB20-2K-K,PC,3840,3840,1,"{""sharedFormula"":""I50""}",1,3840,JPY(¥),,1142.1696000000002,0.27770214380572933,PTUC PRODUCT (KTE ),1.8302083333333334,7028,7028,7028,"{""sharedFormula"":""U50""}",1,0.225,1581.3,1581.3,"{""sharedFormula"":""Z50""}",,MC
R51,5203,,BB25-2K-K,PC,3940,3940,1,"{""sharedFormula"":""I50""}",1,3940,JPY(¥),,1171.9136,0.2742782654467202,PTUC PRODUCT (KTE ),1.8215736040609136,7177,7177,7177,"{""sharedFormula"":""U50""}",1,0.225,1614.825,1614.825,"{""sharedFormula"":""Z50""}",,MC
R51,5204,,BB30-2K-K,PC,4470,4470,1,"{""sharedFormula"":""I50""}",1,4470,JPY(¥),,1329.5568,0.27548536864476053,PTUC PRODUCT (KTE ),1.8246085011185682,8156,8156,8156,"{""sharedFormula"":""U50""}",1,0.225,1835.1000000000001,1835.1000000000001,"{""sharedFormula"":""Z50""}",,MC
R51,5205,,BB35-2K-K,PC,4780,4780,1,"{""sharedFormula"":""I50""}",1,4780,JPY(¥),,1421.7632,0.2741013721360648,PTUC PRODUCT (KTE ),1.8211297071129706,8705,8705,8705,"{""sharedFormula"":""U50""}",1,0.225,1958.625,1958.625,"{""sharedFormula"":""Z50""}",,MC
R51,5206,,BB40-2K-K,PC,5500,5500,1,"{""sharedFormula"":""I50""}",1,5500,JPY(¥),,1635.9200000000003,0.2740134243079823,PTUC PRODUCT (KTE ),1.8209090909090908,10015,10015,10015,"{""sharedFormula"":""U50""}",1,0.225,2253.375,2253.375,"{""sharedFormula"":""Z50""}",,MC
R51,5300,,BB15-2GD,PC,8743,8743,1,"{""sharedFormula"":""I50""}",0.48,4196.639999999999,JPY(¥),,1248.2486016,[object Object],,[object Object],[object Object],[object Object],Quotation,[object Object],,,[object Object],[object Object],[object Object],,MC
R51,5301,,BB17-2GD,PC,9619,9619,1,"{""sharedFormula"":""I50""}",0.48,4617.12,JPY(¥),,1373.3161728000002,[object Object],,[object Object],[object Object],[object Object],Quotation,[object Object],,,[object Object],[object Object],[object Object],,MC
R51,5302,,BB20-2GD,PC,10362,10362,1,"{""sharedFormula"":""I50""}",0.48,4973.76,JPY(¥),,1479.3951744,[object Object],,[object Object],[object Object],[object Object],Quotation,[object Object],,,[object Object],[object Object],[object Object],,MC
R51,5303,,BB25-2GD,PC,11829,11829,1,"{""sharedFormula"":""I50""}",0.48,5677.92,JPY(¥),,1688.8405248000001,[object Object],,[object Object],[object Object],[object Object],Quotation,[object Object],,,[object Object],[object Object],[object Object],,MC
R51,5304,,BB30-2GD,PC,13448,13448,1,"{""sharedFormula"":""I50""}",0.48,6455.04,JPY(¥),,1919.9870976000002,[object Object],,[object Object],[object Object],[object Object],Quotation,[object Object],,,[object Object],[object Object],[object Object],,MC
R51,5305,,BB35-2GD,PC,15352,15352,1,"{""sharedFormula"":""I50""}",0.48,7368.96,JPY(¥),,2191.8234624000006,[object Object],,[object Object],[object Object],[object Object],Quotation,[object Object],,,[object Object],[object Object],[object Object],,MC
R51,5306,,BB40-2GD,PC,17010,17010,1,"{""sharedFormula"":""I50""}",0.48,8164.799999999999,JPY(¥),,2428.5381119999997,[object Object],,[object Object],[object Object],[object Object],Quotation,[object Object],,,[object Object],[object Object],[object Object],,MC
R31,1043,,BS110-100E,PC,363238,363238,1,,0.4,145295.2,JPY(¥),,43216.60428800001,0.08358677610628401,PTUC PRODUCT (KTE ),0.5770128675964519,209592.99999999997,209592.99999999997,209593,1.3885879040203492e-16,1,0.225,47158.424999999996,47158.424999999996,,,MC
R31,1143,,BS110-100J,PC,329714,329714,1,"{""sharedFormula"":""I98""}",0.4,131885.6,JPY(¥),,39228.05286400001,0.08498049418870769,PTUC PRODUCT (KTE ),0.5778917486063679,190539,190539,190539,"{""sharedFormula"":""U98""}",1,0.225,42871.275,42871.275,"{""sharedFormula"":""Z98""}",,MC
R31,1044,,BS110-105E,PC,363238,363238,1,"{""sharedFormula"":""I98""}",0.4,145295.2,JPY(¥),,43216.60428800001,0.08358677610628401,PTUC PRODUCT (KTE ),0.5770128675964519,209592.99999999997,209592.99999999997,209593,1.3885879040203492e-16,1,0.225,47158.424999999996,47158.424999999996,"{""sharedFormula"":""Z98""}",,MC
R31,1144,,BS110-105J,PC,329714,329714,1,"{""sharedFormula"":""I98""}",0.4,131885.6,JPY(¥),,39228.05286400001,0.08498049418870769,PTUC PRODUCT (KTE ),0.5778917486063679,190539,190539,190539,"{""sharedFormula"":""U98""}",1,0.225,42871.275,42871.275,"{""sharedFormula"":""Z98""}",,MC
R31,1045,,BS110-110E,PC,363238,363238,1,"{""sharedFormula"":""I98""}",0.4,145295.2,JPY(¥),,43216.60428800001,0.08358677610628401,PTUC PRODUCT (KTE ),0.5770128675964519,209592.99999999997,209592.99999999997,209593,1.3885879040203492e-16,1,0.225,47158.424999999996,47158.424999999996,"{""sharedFormula"":""Z98""}",,MC
R31,1145,,BS110-110J,PC,329714,329714,1,"{""sharedFormula"":""I98""}",0.4,131885.6,JPY(¥),,39228.05286400001,0.08498049418870769,PTUC PRODUCT (KTE ),0.5778917486063679,190539,190539,190539,"{""sharedFormula"":""U98""}",1,0.225,42871.275,42871.275,"{""sharedFormula"":""Z98""}",,MC
R31,1041,,BS110-85E,PC,363238,363238,1,"{""sharedFormula"":""I98""}",0.4,145295.2,JPY(¥),,43216.60428800001,0.08358677610628401,PTUC PRODUCT (KTE ),0.5770128675964519,209592.99999999997,209592.99999999997,209593,1.3885879040203492e-16,1,0.225,47158.424999999996,47158.424999999996,"{""sharedFormula"":""Z98""}",,MC
R31,1141,,BS110-85J,PC,329714,329714,1,"{""sharedFormula"":""I98""}",0.4,131885.6,JPY(¥),,39228.05286400001,0.08498049418870769,PTUC PRODUCT (KTE ),0.5778917486063679,190539,190539,190539,"{""sharedFormula"":""U98""}",1,0.225,42871.275,42871.275,"{""sharedFormula"":""Z98""}",,MC
R31,1042,,BS110-95E,PC,363238,363238,1,"{""sharedFormula"":""I98""}",0.4,145295.2,JPY(¥),,43216.60428800001,0.08358677610628401,PTUC PRODUCT (KTE ),0.5770128675964519,209592.99999999997,209592.99999999997,209593,1.3885879040203492e-16,1,0.225,47158.424999999996,47158.424999999996,"{""sharedFormula"":""Z98""}",,MC
R31,1142,,BS110-95J,PC,329714,329714,1,"{""sharedFormula"":""I98""}",0.4,131885.6,JPY(¥),,39228.05286400001,0.08498049418870769,PTUC PRODUCT (KTE ),0.5778917486063679,190539,190539,190539,"{""sharedFormula"":""U98""}",1,0.225,42871.275,42871.275,"{""sharedFormula"":""Z98""}",,MC
R31,0953,,BS30-30E,PC,71048,71048,1,,0.4,28419.2,JPY(¥),,8453.006848,0.08569191227927846,PTUC PRODUCT (KTE ),0.5783414029951582,41090,41090,41090,,1,0.225,9245.25,9245.25,,,MC
R31,0963,,BS30-30J,PC,64571,64571,1,"{""sharedFormula"":""I108""}",0.4,25828.4,JPY(¥),,7682.399296000001,0.08409568735451275,PTUC PRODUCT (KTE ),0.5773334778770656,37279,37279,37279,"{""sharedFormula"":""U108""}",1,0.225,8387.775,8387.775,"{""sharedFormula"":""Z108""}",,MC
R31,0964,,BS50-45E,PC,99048,99048,1,"{""sharedFormula"":""I108""}",0.4,39619.200000000004,JPY(¥),,11784.334848000002,0.0824152219438554,PTUC PRODUCT (KTE ),0.5762761489378887,57079,57079,57079,"{""sharedFormula"":""U108""}",1,0.225,12842.775,12842.775,"{""sharedFormula"":""Z108""}",,MC
R31,0974,,BS50-45J,PC,90095,90095,1,"{""sharedFormula"":""I108""}",0.4,36038,JPY(¥),,10719.142720000002,0.08136069589064561,PTUC PRODUCT (KTE ),0.5756146290027193,51860,51860,51860,"{""sharedFormula"":""U108""}",1,0.225,11668.5,11668.5,"{""sharedFormula"":""Z108""}",,MC
R31,0965,,BS50-50E,PC,99048,99048,1,"{""sharedFormula"":""I108""}",0.4,39619.200000000004,JPY(¥),,11784.334848000002,0.0824152219438554,PTUC PRODUCT (KTE ),0.5762761489378887,57079,57079,57079,"{""sharedFormula"":""U108""}",1,0.225,12842.775,12842.775,"{""sharedFormula"":""Z108""}",,MC
R31,0975,,BS50-50J,PC,90095,90095,1,"{""sharedFormula"":""I108""}",0.4,36038,JPY(¥),,10719.142720000002,0.08136069589064561,PTUC PRODUCT (KTE ),0.5756146290027193,51860,51860,51860,"{""sharedFormula"":""U108""}",1,0.225,11668.5,11668.5,"{""sharedFormula"":""Z108""}",,MC
R31,1001,,BS65-40E,PC,144952,144952,1,"{""sharedFormula"":""I108""}",0.4,57980.8,JPY(¥),,17245.809152000005,0.08393540562972153,PTUC PRODUCT (KTE ),0.5772324631602186,83671,83671,83671,"{""sharedFormula"":""U108""}",1,0.225,18825.975000000002,18825.975000000002,"{""sharedFormula"":""Z108""}",,MC
R31,1101,,BS65-40J,PC,132000,132000,1,"{""sharedFormula"":""I108""}",0.4,52800,JPY(¥),,15704.832000000002,0.08419159581540184,PTUC PRODUCT (KTE ),0.5773939393939393,76216,76216,76216,"{""sharedFormula"":""U108""}",1,0.225,17148.600000000002,17148.600000000002,"{""sharedFormula"":""Z108""}",,MC
R31,1002,,BS65-45E,PC,144952,144952,1,"{""sharedFormula"":""I108""}",0.4,57980.8,JPY(¥),,17245.809152000005,0.08393540562972153,PTUC PRODUCT (KTE ),0.5772324631602186,83671,83671,83671,"{""sharedFormula"":""U108""}",1,0.225,18825.975000000002,18825.975000000002,"{""sharedFormula"":""Z108""}",,MC
R31,1102,,BS65-45J,PC,132000,132000,1,"{""sharedFormula"":""I108""}",0.4,52800,JPY(¥),,15704.832000000002,0.08419159581540184,PTUC PRODUCT (KTE ),0.5773939393939393,76216,76216,76216,"{""sharedFormula"":""U108""}",1,0.225,17148.600000000002,17148.600000000002,"{""sharedFormula"":""Z108""}",,MC
R31,1003,,BS65-50E,PC,144952,144952,1,"{""sharedFormula"":""I108""}",0.4,57980.8,JPY(¥),,17245.809152000005,0.08393540562972153,PTUC PRODUCT (KTE ),0.5772324631602186,83671,83671,83671,"{""sharedFormula"":""U108""}",1,0.225,18825.975000000002,18825.975000000002,"{""sharedFormula"":""Z108""}",,MC
R31,1103,,BS65-50J,PC,132000,132000,1,"{""sharedFormula"":""I108""}",0.4,52800,JPY(¥),,15704.832000000002,0.08419159581540184,PTUC PRODUCT (KTE ),0.5773939393939393,76216,76216,76216,"{""sharedFormula"":""U108""}",1,0.225,17148.600000000002,17148.600000000002,"{""sharedFormula"":""Z108""}",,MC
R31,1004,,BS65-55E,PC,144952,144952,1,"{""sharedFormula"":""I108""}",0.4,57980.8,JPY(¥),,17245.809152000005,0.08393540562972153,PTUC PRODUCT (KTE ),0.5772324631602186,83671,83671,83671,"{""sharedFormula"":""U108""}",1,0.225,18825.975000000002,18825.975000000002,"{""sharedFormula"":""Z108""}",,MC
R31,1104,,BS65-55J,PC,132000,132000,1,"{""sharedFormula"":""I108""}",0.4,52800,JPY(¥),,15704.832000000002,0.08419159581540184,PTUC PRODUCT (KTE ),0.5773939393939393,76216,76216,76216,"{""sharedFormula"":""U108""}",1,0.225,17148.600000000002,17148.600000000002,"{""sharedFormula"":""Z108""}",,MC
R31,1005,,BS65-60E,PC,144952,144952,1,"{""sharedFormula"":""I108""}",0.4,57980.8,JPY(¥),,17245.809152000005,0.08393540562972153,PTUC PRODUCT (KTE ),0.5772324631602186,83671,83671,83671,"{""sharedFormula"":""U108""}",1,0.225,18825.975000000002,18825.975000000002,"{""sharedFormula"":""Z108""}",,MC
R31,1105,,BS65-60J,PC,132000,132000,1,"{""sharedFormula"":""I108""}",0.4,52800,JPY(¥),,15704.832000000002,0.08419159581540184,PTUC PRODUCT (KTE ),0.5773939393939393,76216,76216,76216,"{""sharedFormula"":""U108""}",1,0.225,17148.600000000002,17148.600000000002,"{""sharedFormula"":""Z108""}",,MC
R31,1006,,BS65-65E,PC,144952,144952,1,"{""sharedFormula"":""I108""}",0.4,57980.8,JPY(¥),,17245.809152000005,0.08393540562972153,PTUC PRODUCT (KTE ),0.5772324631602186,83671,83671,83671,"{""sharedFormula"":""U108""}",1,0.225,18825.975000000002,18825.975000000002,"{""sharedFormula"":""Z108""}",,MC
R31,1106,,BS65-65J,PC,132000,132000,1,"{""sharedFormula"":""I108""}",0.4,52800,JPY(¥),,15704.832000000002,0.08419159581540184,PTUC PRODUCT (KTE ),0.5773939393939393,76216,76216,76216,"{""sharedFormula"":""U108""}",1,0.225,17148.600000000002,17148.600000000002,"{""sharedFormula"":""Z108""}",,MC
R31,1011,,BS75-60E,PC,182286,182286,1,"{""sharedFormula"":""I108""}",0.4,72914.40000000001,JPY(¥),,21687.659136000006,0.08384488161884199,PTUC PRODUCT (KTE ),0.5771754276247216,105211,105211,105211,"{""sharedFormula"":""U108""}",1,0.225,23672.475000000002,23672.475000000002,"{""sharedFormula"":""Z108""}",,MC
R31,1111,,BS75-60J,PC,166667,166667,1,"{""sharedFormula"":""I108""}",0.4,66666.8,JPY(¥),,19829.372992000004,0.08290966897218327,PTUC PRODUCT (KTE ),0.5765868468263063,96098,96098,96098,"{""sharedFormula"":""U108""}",1,0.225,21622.05,21622.05,"{""sharedFormula"":""Z108""}",,MC
R31,1012,,BS75-65E,PC,182286,182286,1,"{""sharedFormula"":""I108""}",0.4,72914.40000000001,JPY(¥),,21687.659136000006,0.08384488161884199,PTUC PRODUCT (KTE ),0.5771754276247216,105211,105211,105211,"{""sharedFormula"":""U108""}",1,0.225,23672.475000000002,23672.475000000002,"{""sharedFormula"":""Z108""}",,MC
R31,1112,,BS75-65J,PC,166667,166667,1,,0.4,66666.8,JPY(¥),,19829.372992000004,0.08290966897218327,PTUC PRODUCT (KTE ),0.5765868468263063,96098,96098,96098,,1,0.225,21622.05,21622.05,,,MC
R31,1013,,BS75-70E,PC,182286,182286,1,"{""sharedFormula"":""I129""}",0.4,72914.40000000001,JPY(¥),,21687.659136000006,0.08384488161884199,PTUC PRODUCT (KTE ),0.5771754276247216,105211,105211,105211,"{""sharedFormula"":""U129""}",1,0.225,23672.475000000002,23672.475000000002,"{""sharedFormula"":""Z129""}",,MC
R31,1113,,BS75-70J,PC,166667,166667,1,"{""sharedFormula"":""I129""}",0.4,66666.8,JPY(¥),,19829.372992000004,0.08290966897218327,PTUC PRODUCT (KTE ),0.5765868468263063,96098,96098,96098,"{""sharedFormula"":""U129""}",1,0.225,21622.05,21622.05,"{""sharedFormula"":""Z129""}",,MC
R31,1014,,BS75-75E,PC,182286,182286,1,"{""sharedFormula"":""I129""}",0.4,72914.40000000001,JPY(¥),,21687.659136000006,0.08384488161884199,PTUC PRODUCT (KTE ),0.5771754276247216,105211,105211,105211,"{""sharedFormula"":""U129""}",1,0.225,23672.475000000002,23672.475000000002,"{""sharedFormula"":""Z129""}",,MC
R31,1114,,BS75-75J,PC,166667,166667,1,"{""sharedFormula"":""I129""}",0.4,66666.8,JPY(¥),,19829.372992000004,0.08290966897218327,PTUC PRODUCT (KTE ),0.5765868468263063,96098,96098,96098,"{""sharedFormula"":""U129""}",1,0.225,21622.05,21622.05,"{""sharedFormula"":""Z129""}",,MC
R31,1021,,BS85-70E,PC,272571,272571,1,"{""sharedFormula"":""I129""}",0.4,109028.40000000001,JPY(¥),,32429.40729600001,0.08431469045289543,PTUC PRODUCT (KTE ),0.5774715578693258,157402,157402,157402,"{""sharedFormula"":""U129""}",1,0.225,35415.450000000004,35415.450000000004,"{""sharedFormula"":""Z129""}",,MC
R31,1121,,BS85-70J,PC,246857,246857,1,"{""sharedFormula"":""I129""}",0.4,98742.8,JPY(¥),,29370.058432000005,0.08391049876404566,PTUC PRODUCT (KTE ),0.5772167692226674,142490,142490,142490,"{""sharedFormula"":""U129""}",1,0.225,32060.25,32060.25,"{""sharedFormula"":""Z129""}",,MC
R31,1022,,BS85-75E,PC,272571,272571,1,"{""sharedFormula"":""I129""}",0.4,109028.40000000001,JPY(¥),,32429.40729600001,0.08431469045289543,PTUC PRODUCT (KTE ),0.5774715578693258,157402,157402,157402,"{""sharedFormula"":""U129""}",1,0.225,35415.450000000004,35415.450000000004,"{""sharedFormula"":""Z129""}",,MC
R31,1122,,BS85-75J,PC,246857,246857,1,"{""sharedFormula"":""I129""}",0.4,98742.8,JPY(¥),,29370.058432000005,0.08391049876404566,PTUC PRODUCT (KTE ),0.5772167692226674,142490,142490,142490,"{""sharedFormula"":""U129""}",1,0.225,32060.25,32060.25,"{""sharedFormula"":""Z129""}",,MC
R31,1023,,BS85-80E,PC,272571,272571,1,"{""sharedFormula"":""I129""}",0.4,109028.40000000001,JPY(¥),,32429.40729600001,0.08431469045289543,PTUC PRODUCT (KTE ),0.5774715578693258,157402,157402,157402,"{""sharedFormula"":""U129""}",1,0.225,35415.450000000004,35415.450000000004,"{""sharedFormula"":""Z129""}",,MC
R31,1123,,BS85-80J,PC,246857,246857,1,"{""sharedFormula"":""I129""}",0.4,98742.8,JPY(¥),,29370.058432000005,0.08391049876404566,PTUC PRODUCT (KTE ),0.5772167692226674,142490,142490,142490,"{""sharedFormula"":""U129""}",1,0.225,32060.25,32060.25,"{""sharedFormula"":""Z129""}",,MC
R31,1024,,BS85-85E,PC,272571,272571,1,"{""sharedFormula"":""I129""}",0.4,109028.40000000001,JPY(¥),,32429.40729600001,0.08431469045289543,PTUC PRODUCT (KTE ),0.5774715578693258,157402,157402,157402,"{""sharedFormula"":""U129""}",1,0.225,35415.450000000004,35415.450000000004,"{""sharedFormula"":""Z129""}",,MC
R31,1124,,BS85-85J,PC,246857,246857,1,"{""sharedFormula"":""I129""}",0.4,98742.8,JPY(¥),,29370.058432000005,0.08391049876404566,PTUC PRODUCT (KTE ),0.5772167692226674,142490,142490,142490,"{""sharedFormula"":""U129""}",1,0.225,32060.25,32060.25,"{""sharedFormula"":""Z129""}",,MC
R31,1031,,BS95-80E,PC,312762,312762,1,"{""sharedFormula"":""I129""}",0.4,125104.8,JPY(¥),,37211.171712,0.08424796848986867,PTUC PRODUCT (KTE ),0.577429483121351,180597.99999999997,180597.99999999997,180598,1.6115256235802007e-16,1,0.225,40634.549999999996,40634.549999999996,"{""sharedFormula"":""Z129""}",,MC
R31,1131,,BS95-80J,PC,284000,284000,1,"{""sharedFormula"":""I129""}",0.4,113600,JPY(¥),,33789.184,0.08446584987343024,PTUC PRODUCT (KTE ),0.5775669014084507,164029,164029,164029,"{""sharedFormula"":""U129""}",1,0.225,36906.525,36906.525,"{""sharedFormula"":""Z129""}",,MC
R31,1032,,BS95-85E,PC,312762,312762,1,"{""sharedFormula"":""I129""}",0.4,125104.8,JPY(¥),,37211.171712,0.08424796848986867,PTUC PRODUCT (KTE ),0.577429483121351,180597.99999999997,180597.99999999997,180598,1.6115256235802007e-16,1,0.225,40634.549999999996,40634.549999999996,"{""sharedFormula"":""Z129""}",,MC
R31,1132,,BS95-85J,PC,284000,284000,1,"{""sharedFormula"":""I129""}",0.4,113600,JPY(¥),,33789.184,0.08446584987343024,PTUC PRODUCT (KTE ),0.5775669014084507,164029,164029,164029,"{""sharedFormula"":""U129""}",1,0.225,36906.525,36906.525,"{""sharedFormula"":""Z129""}",,MC
R31,1033,,BS95-90E,PC,312762,312762,1,"{""sharedFormula"":""I129""}",0.4,125104.8,JPY(¥),,37211.171712,0.08424796848986867,PTUC PRODUCT (KTE ),0.577429483121351,180597.99999999997,180597.99999999997,180598,1.6115256235802007e-16,1,0.225,40634.549999999996,40634.549999999996,"{""sharedFormula"":""Z129""}",,MC
R31,1133,,BS95-90J,PC,284000,284000,1,"{""sharedFormula"":""I129""}",0.4,113600,JPY(¥),,33789.184,0.08446584987343024,PTUC PRODUCT (KTE ),0.5775669014084507,164029,164029,164029,"{""sharedFormula"":""U129""}",1,0.225,36906.525,36906.525,"{""sharedFormula"":""Z129""}",,MC
R31,1034,,BS95-95E,PC,312762,312762,1,"{""sharedFormula"":""I129""}",0.4,125104.8,JPY(¥),,37211.171712,0.08424796848986867,PTUC PRODUCT (KTE ),0.577429483121351,180597.99999999997,180597.99999999997,180598,1.6115256235802007e-16,1,0.225,40634.549999999996,40634.549999999996,"{""sharedFormula"":""Z129""}",,MC
R31,1134,,BS95-95J,PC,284000,284000,1,"{""sharedFormula"":""I129""}",0.4,113600,JPY(¥),,33789.184,0.08446584987343024,PTUC PRODUCT (KTE ),0.5775669014084507,164029,164029,164029,"{""sharedFormula"":""U129""}",1,0.225,36906.525,36906.525,"{""sharedFormula"":""Z129""}",,MC
P53,1201,,L035-S,PC,703,703,1,"{""sharedFormula"":""I129""}",0.51,358.53000000000003,JPY(¥),,106.64116320000002,0.07968791197410983,PTUC PRODUCT (KTE ),0.732574679943101,515,515,515,"{""sharedFormula"":""U129""}",1,0.225,115.875,115.875,"{""sharedFormula"":""Z129""}",,MC
P53,1204,,L050-S,PC,891,891,1,"{""sharedFormula"":""I129""}",0.51,454.41,JPY(¥),,135.15971040000002,0.08007683920367525,PTUC PRODUCT (KTE ),0.7328843995510662,653,653,653,"{""sharedFormula"":""U129""}",1,0.225,146.925,146.925,"{""sharedFormula"":""Z129""}",,MC
P53,1206,,L050-H,PC,1328,1328,1,"{""sharedFormula"":""I129""}",0.51,677.28,JPY(¥),,201.45016320000002,0.0835884762879563,PTUC PRODUCT (KTE ),0.7356927710843374,977.0000000000001,977.0000000000001,977,-1.1636319111731424e-16,1,0.225,219.82500000000002,219.82500000000002,"{""sharedFormula"":""Z129""}",,MC
P53,1207,,L070-S,PC,1047,1047,1,"{""sharedFormula"":""I129""}",0.51,533.97,JPY(¥),,158.82403680000002,0.09733426086956522,PTUC PRODUCT (KTE ),0.7468958930276982,782,782,782,"{""sharedFormula"":""U129""}",1,0.225,175.95000000000002,175.95000000000002,"{""sharedFormula"":""Z129""}",,MC
P53,1208,,L070-M,PC,1391,1391,1,"{""sharedFormula"":""I129""}",0.51,709.41,JPY(¥),,211.00691040000004,0.08773493125810623,PTUC PRODUCT (KTE ),0.7390366642703091,1028,1028,1028,"{""sharedFormula"":""U129""}",1,0.225,231.3,231.3,"{""sharedFormula"":""Z129""}",,MC
P53,1209,,L070-H,PC,1609,1609,1,"{""sharedFormula"":""I129""}",0.51,820.59,JPY(¥),,244.07628960000002,0.08994672035794171,PTUC PRODUCT (KTE ),0.7408328154133001,1192,1192,1192,"{""sharedFormula"":""U129""}",1,0.225,268.2,268.2,"{""sharedFormula"":""Z129""}",,MC
P53,1211,,L075-S,PC,1422,1422,1,"{""sharedFormula"":""I129""}",0.51,725.22,JPY(¥),,215.70943680000005,0.10317249017773603,PTUC PRODUCT (KTE ),0.7517580872011251,1069,1069,1069,"{""sharedFormula"":""U129""}",1,0.225,240.525,240.525,"{""sharedFormula"":""Z129""}",,MC
P53,1212,,L075-M,PC,1891,1891,1,"{""sharedFormula"":""I129""}",0.51,964.41,JPY(¥),,286.8541104,0.0814789932756964,PTUC PRODUCT (KTE ),0.7340031729243787,1388,1388,1388,"{""sharedFormula"":""U129""}",1,0.225,312.3,312.3,"{""sharedFormula"":""Z129""}",,MC
P53,1213,,L075-H,PC,2172,2172,1,"{""sharedFormula"":""I129""}",0.51,1107.72,JPY(¥),,329.48023680000006,0.0813321154328732,PTUC PRODUCT (KTE ),0.7338858195211786,1594,1594,1594,"{""sharedFormula"":""U129""}",1,0.225,358.65000000000003,358.65000000000003,"{""sharedFormula"":""Z129""}",,MC
P53,1214,,L090-S,PC,1750,1750,1,"{""sharedFormula"":""I129""}",0.51,892.5,JPY(¥),,265.46520000000004,0.0959039591315452,PTUC PRODUCT (KTE ),0.7457142857142857,1305,1305,1305,"{""sharedFormula"":""U129""}",1,0.225,293.625,293.625,"{""sharedFormula"":""Z129""}",,MC
P53,1215,,L090-M,PC,2297,2297,1,"{""sharedFormula"":""I129""}",0.51,1171.47,JPY(¥),,348.44203680000004,0.09277605467682094,PTUC PRODUCT (KTE ),0.7431432303003919,1707.0000000000002,1707.0000000000002,1707,-1.3320074718408437e-16,1,0.225,384.07500000000005,384.07500000000005,"{""sharedFormula"":""Z129""}",,MC
P53,1216,,L090-H,PC,2641,2641,1,"{""sharedFormula"":""I129""}",0.51,1346.91,JPY(¥),,400.6249104000001,0.08829741047960385,PTUC PRODUCT (KTE ),0.7394926164331692,1953,1953,1953,"{""sharedFormula"":""U129""}",1,0.225,439.425,439.425,"{""sharedFormula"":""Z129""}",,MC
P53,1217,,L095-S,PC,2391,2391,1,"{""sharedFormula"":""I129""}",0.51,1219.41,JPY(¥),,362.70131040000007,0.0933600539932507,PTUC PRODUCT (KTE ),0.7436219155165202,1778,1778,1778,"{""sharedFormula"":""U129""}",1,0.225,400.05,400.05,"{""sharedFormula"":""Z129""}",,MC
P53,1218,,L095-M,PC,2938,2938,1,"{""sharedFormula"":""I129""}",0.51,1498.38,JPY(¥),,445.6781472000001,0.09096293467951641,PTUC PRODUCT (KTE ),0.7416609938733832,2179,2179,2179,"{""sharedFormula"":""U129""}",1,0.225,490.27500000000003,490.27500000000003,"{""sharedFormula"":""Z129""}",,MC
P53,1219,,L095-H,PC,3281,3281,1,"{""sharedFormula"":""I129""}",0.51,1673.31,JPY(¥),,497.7093264,0.0878179584879725,PTUC PRODUCT (KTE ),0.7391039317281317,2425,2425,2425,"{""sharedFormula"":""U129""}",1,0.225,545.625,545.625,"{""sharedFormula"":""Z129""}",,MC
P53,1221,,L099-S,PC,3781,3781,1,"{""sharedFormula"":""I129""}",0.51,1928.31,JPY(¥),,573.5565264,0.08796417984496116,PTUC PRODUCT (KTE ),0.7392224279291193,2795,2795,2795,"{""sharedFormula"":""U129""}",1,0.225,628.875,628.875,"{""sharedFormula"":""Z129""}",,MC
P53,1222,,L099-M,PC,4906,4906,1,"{""sharedFormula"":""I129""}",0.51,2502.06,JPY(¥),,744.2127264000002,0.09056581871505803,PTUC PRODUCT (KTE ),0.7413371381981247,3637,3637,3637,"{""sharedFormula"":""U129""}",1,0.225,818.325,818.325,"{""sharedFormula"":""Z129""}",,MC
P53,1223,,L099-H,PC,5672,5672,1,"{""sharedFormula"":""I129""}",0.51,2892.7200000000003,JPY(¥),,860.4106368000002,0.09016243762391922,PTUC PRODUCT (KTE ),0.7410084626234132,4203,4203,4203,"{""sharedFormula"":""U129""}",1,0.225,945.6750000000001,945.6750000000001,"{""sharedFormula"":""Z129""}",,MC
P53,1224,,L100-S,PC,4016,4016,1,"{""sharedFormula"":""I129""}",0.51,2048.16,JPY(¥),,609.2047104000001,0.09172207626076254,PTUC PRODUCT (KTE ),0.7422808764940239,2981,2981,2981,"{""sharedFormula"":""U129""}",1,0.225,670.725,670.725,"{""sharedFormula"":""Z129""}",,MC
P53,1225,,L100-M,PC,5172,5172,1,"{""sharedFormula"":""I129""}",0.51,2637.7200000000003,JPY(¥),,784.5634368000002,0.08766389115646239,PTUC PRODUCT (KTE ),0.7389791183294664,3822,3822,3822,"{""sharedFormula"":""U129""}",1,0.225,859.95,859.95,"{""sharedFormula"":""Z129""}",,MC
P53,1226,,L100-H,PC,5922,5922,1,"{""sharedFormula"":""I129""}",0.51,3020.2200000000003,JPY(¥),,898.3342368000002,0.08990275632550701,PTUC PRODUCT (KTE ),0.7407970280310706,4387,4387,4387,"{""sharedFormula"":""U129""}",1,0.225,987.075,987.075,"{""sharedFormula"":""Z129""}",,MC
P53,1227,,L110-S,PC,7500,7500,1,"{""sharedFormula"":""I129""}",0.51,3825,JPY(¥),,1137.708,0.08892252252252246,PTUC PRODUCT (KTE ),0.74,5550,5550,5550,"{""sharedFormula"":""U129""}",1,0.225,1248.75,1248.75,"{""sharedFormula"":""Z129""}",,MC
P53,1228,,L110-M,PC,9719,9719,1,"{""sharedFormula"":""I129""}",0.51,4956.6900000000005,JPY(¥),,1474.3178736000004,0.08916821202854208,PTUC PRODUCT (KTE ),0.740199609013273,7194,7194,7194,"{""sharedFormula"":""U129""}",1,0.225,1618.65,1618.65,"{""sharedFormula"":""Z129""}",,MC
P53,1229,,L110-H,PC,11234,11234,1,"{""sharedFormula"":""I129""}",0.51,5729.34,JPY(¥),,1704.1348896000002,0.09021827715715706,PTUC PRODUCT (KTE ),0.7410539433861492,8325,8325,8325,"{""sharedFormula"":""U129""}",1,0.225,1873.125,1873.125,"{""sharedFormula"":""Z129""}",,MC
P53,1231,,L150-S,PC,9172,9172,1,"{""sharedFormula"":""I129""}",0.51,4677.72,JPY(¥),,1391.3410368000002,0.08834764243943188,PTUC PRODUCT (KTE ),0.7395333624073267,6783.000000000001,6783.000000000001,6783,-1.3408443192878197e-16,1,0.225,1526.1750000000002,1526.1750000000002,"{""sharedFormula"":""Z129""}",,MC
P53,1232,,L150-M,PC,12328,12328,1,"{""sharedFormula"":""I129""}",0.51,6287.28,JPY(¥),,1870.0885632000002,0.08815088038032538,PTUC PRODUCT (KTE ),0.7393737832576249,9115,9115,9115,"{""sharedFormula"":""U129""}",1,0.225,2050.875,2050.875,"{""sharedFormula"":""Z129""}",,MC
P53,1233,,L150-H,PC,13844,13844,1,"{""sharedFormula"":""I129""}",0.51,7060.4400000000005,JPY(¥),,2100.0572736000004,0.08896165127704556,PTUC PRODUCT (KTE ),0.7400317827217567,10245,10245,10245,"{""sharedFormula"":""U129""}",1,0.225,2305.125,2305.125,"{""sharedFormula"":""Z129""}",,MC
P53,1234,,L190-S,PC,12047,12047,1,"{""sharedFormula"":""I129""}",0.51,6143.97,JPY(¥),,1827.4624368000004,0.08833143173569781,PTUC PRODUCT (KTE ),0.7395202125010376,8909,8909,8909,"{""sharedFormula"":""U129""}",1,0.225,2004.525,2004.525,"{""sharedFormula"":""Z129""}",,MC
P53,1235,,L190-M,PC,16250,16250,1,"{""sharedFormula"":""I129""}",0.51,8287.5,JPY(¥),,2465.0340000000006,0.08404759914165458,PTUC PRODUCT (KTE ),0.7360615384615384,11961,11961,11961,"{""sharedFormula"":""U129""}",1,0.225,2691.225,2691.225,"{""sharedFormula"":""Z129""}",,MC
P53,1236,,L190-H,PC,18281,18281,1,,0.51,9323.31,JPY(¥),,2773.1253264,0.08452785778305974,PTUC PRODUCT (KTE ),0.736447677916963,13463,13463,13463,,1,0.225,3029.175,3029.175,,,MC
P53,1237,,L225-S,PC,16406,16406,1,"{""sharedFormula"":""I179""}",0.51,8367.06,JPY(¥),,2488.6983264000005,0.08783758447413251,PTUC PRODUCT (KTE ),0.7391198342069975,12126,12126,12126,"{""sharedFormula"":""U179""}",1,0.225,2728.35,2728.35,"{""sharedFormula"":""Z179""}",,MC
P53,1238,,L225-M,PC,22344,22344,1,"{""sharedFormula"":""I179""}",0.51,11395.44,JPY(¥),,3389.4596736000003,0.08379362510643472,PTUC PRODUCT (KTE ),0.7358575008950948,16442,16442,16442,"{""sharedFormula"":""U179""}",1,0.225,3699.4500000000003,3699.4500000000003,"{""sharedFormula"":""Z179""}",,MC
P53,1239,,L225-H,PC,25313,25313,1,"{""sharedFormula"":""I179""}",0.51,12909.630000000001,JPY(¥),,3839.840347200001,0.08449347681633661,PTUC PRODUCT (KTE ),0.736420021332912,18641,18641,18641,"{""sharedFormula"":""U179""}",1,0.225,4194.225,4194.225,"{""sharedFormula"":""Z179""}",,MC
P53,2300,,L035GS,PC,125,125,1,,0.51,63.75,JPY(¥),,18.961800000000004,0.15725333333333316,PTUC PRODUCT (KTE ),0.8,100,100,100,,1,0.225,22.5,22.5,,,MC
P53,2303,,L050GS,PC,139,139,1,"{""sharedFormula"":""I183""}",0.51,70.89,JPY(¥),,21.085521600000003,0.1557348708708708,PTUC PRODUCT (KTE ),0.7985611510791367,111,111,111,"{""sharedFormula"":""U183""}",1,0.225,24.975,24.975,"{""sharedFormula"":""Z183""}",,MC
P53,2305,,L050GH,PC,578,578,1,"{""sharedFormula"":""I183""}",0.51,294.78000000000003,JPY(¥),,87.67936320000001,0.1435471238095237,PTUC PRODUCT (KTE ),0.78719723183391,455,455,455,"{""sharedFormula"":""U183""}",1,0.225,102.375,102.375,"{""sharedFormula"":""Z183""}",,MC
P53,2306,,L070GS,PC,172,172,1,"{""sharedFormula"":""I183""}",0.51,87.72,JPY(¥),,26.091436800000004,0.12810570426065152,PTUC PRODUCT (KTE ),0.7732558139534884,133,133,133,"{""sharedFormula"":""U183""}",1,0.225,29.925,29.925,"{""sharedFormula"":""Z183""}",,MC
P53,2307,,L070GM,PC,500,500,1,"{""sharedFormula"":""I183""}",0.51,255,JPY(¥),,75.84720000000002,0.15725333333333316,PTUC PRODUCT (KTE ),0.8,400,400,400,"{""sharedFormula"":""U183""}",1,0.225,90,90,"{""sharedFormula"":""Z183""}",,MC
P53,2308,,L070GH,PC,719,719,1,"{""sharedFormula"":""I183""}",0.51,366.69,JPY(¥),,109.06827360000001,0.16133584313725488,PTUC PRODUCT (KTE ),0.803894297635605,578,578,578,"{""sharedFormula"":""U183""}",1,0.225,130.05,130.05,"{""sharedFormula"":""Z183""}",,MC
P53,2309,,L075GS,PC,203,203,1,"{""sharedFormula"":""I183""}",0.51,103.53,JPY(¥),,30.793963200000007,0.12267911111111093,PTUC PRODUCT (KTE ),0.7684729064039408,156,156,156,"{""sharedFormula"":""U183""}",1,0.225,35.1,35.1,"{""sharedFormula"":""Z183""}",,MC
P53,2310,,L075GM,PC,641,641,1,"{""sharedFormula"":""I183""}",0.51,326.91,JPY(¥),,97.23611040000003,0.15428475407697295,PTUC PRODUCT (KTE ),0.797191887675507,510.99999999999994,510.99999999999994,511,1.1123956724228576e-16,1,0.225,114.975,114.975,"{""sharedFormula"":""Z183""}",,MC
P53,2311,,L075GH,PC,922,922,1,"{""sharedFormula"":""I183""}",0.51,470.22,JPY(¥),,139.86223680000003,0.15196460936789435,PTUC PRODUCT (KTE ),0.7950108459869848,733,733,733,"{""sharedFormula"":""U183""}",1,0.225,164.925,164.925,"{""sharedFormula"":""Z183""}",,MC
P53,2312,,L090GS,PC,219,219,1,"{""sharedFormula"":""I183""}",0.51,111.69,JPY(¥),,33.221073600000004,0.1158729580838323,PTUC PRODUCT (KTE ),0.7625570776255708,167,167,167,"{""sharedFormula"":""U183""}",1,0.225,37.575,37.575,"{""sharedFormula"":""Z183""}",,MC
P53,2313,,L090GM,PC,750,750,1,"{""sharedFormula"":""I183""}",0.51,382.5,JPY(¥),,113.77080000000001,0.15725333333333327,PTUC PRODUCT (KTE ),0.8,600,600,600,"{""sharedFormula"":""U183""}",1,0.225,135,135,"{""sharedFormula"":""Z183""}",,MC
P53,2314,,L090GH,PC,1078,1078,1,"{""sharedFormula"":""I183""}",0.51,549.78,JPY(¥),,163.52656320000003,0.16172465359477117,PTUC PRODUCT (KTE ),0.8042671614100185,867,867,867,"{""sharedFormula"":""U183""}",1,0.225,195.07500000000002,195.07500000000002,"{""sharedFormula"":""Z183""}",,MC
P53,2318,,L099GS,PC,422,422,1,"{""sharedFormula"":""I183""}",0.51,215.22,JPY(¥),,64.0150368,0.19855978967136145,PTUC PRODUCT (KTE ),0.8412322274881516,355,355,355,"{""sharedFormula"":""U183""}",1,0.225,79.875,79.875,"{""sharedFormula"":""Z183""}",,MC
P53,2319,,L099GM,PC,1594,1594,1,"{""sharedFormula"":""I183""}",0.51,812.94,JPY(¥),,241.80087360000005,0.15112910795155335,PTUC PRODUCT (KTE ),0.794228356336261,1266,1266,1266,"{""sharedFormula"":""U183""}",1,0.225,284.85,284.85,"{""sharedFormula"":""Z183""}",,MC
P53,2320,,L099GH,PC,2344,2344,1,"{""sharedFormula"":""I183""}",0.51,1195.44,JPY(¥),,355.5716736000001,0.15806150808026953,PTUC PRODUCT (KTE ),0.8007679180887372,1876.9999999999998,1876.9999999999998,1877,1.2113674770550458e-16,1,0.225,422.32499999999993,422.32499999999993,"{""sharedFormula"":""Z183""}",,MC
P53,2324,,L110GS,PC,547,547,1,"{""sharedFormula"":""I183""}",0.51,278.97,JPY(¥),,82.97683680000002,0.16940103303303292,PTUC PRODUCT (KTE ),0.8117001828153565,444,444,444,"{""sharedFormula"":""U183""}",1,0.225,99.9,99.9,"{""sharedFormula"":""Z183""}",,MC
P53,2325,,L110GM,PC,2766,2766,1,"{""sharedFormula"":""I183""}",0.51,1410.66,JPY(¥),,419.5867104000001,0.16074265346534636,PTUC PRODUCT (KTE ),0.8033261026753434,2222,2222,2222,"{""sharedFormula"":""U183""}",1,0.225,499.95,499.95,"{""sharedFormula"":""Z183""}",,MC
P53,2326,,L110GH,PC,4297,4297,1,"{""sharedFormula"":""I183""}",0.51,2191.4700000000003,JPY(¥),,651.8308368000002,0.1588194130855592,PTUC PRODUCT (KTE ),0.8014894112171282,3444,3444,3444,"{""sharedFormula"":""U183""}",1,0.225,774.9,774.9,"{""sharedFormula"":""Z183""}",,MC
P53,2327,,L150GS,PC,2359,2359,1,"{""sharedFormula"":""I183""}",0.51,1203.09,JPY(¥),,357.84708960000006,0.15805637409564136,PTUC PRODUCT (KTE ),0.8007630351844002,1889,1889,1889,"{""sharedFormula"":""U183""}",1,0.225,425.02500000000003,425.02500000000003,"{""sharedFormula"":""Z183""}",,MC
P53,2328,,L150GM,PC,5516,5516,1,"{""sharedFormula"":""I183""}",0.51,2813.16,JPY(¥),,836.7463104000001,0.156718256084656,PTUC PRODUCT (KTE ),0.799492385786802,4410,4410,4410,"{""sharedFormula"":""U183""}",1,0.225,992.25,992.25,"{""sharedFormula"":""Z183""}",,MC
P53,2329,,L150GH,PC,7031,7031,1,"{""sharedFormula"":""I183""}",0.51,3585.81,JPY(¥),,1066.5633264,0.15833070833333332,PTUC PRODUCT (KTE ),0.8010240364101835,5632,5632,5632,"{""sharedFormula"":""U183""}",1,0.225,1267.2,1267.2,"{""sharedFormula"":""Z183""}",,MC
P53,2330,,L190GS,PC,3156,3156,1,"{""sharedFormula"":""I183""}",0.51,1609.56,JPY(¥),,478.7475264000001,0.15631769072164942,PTUC PRODUCT (KTE ),0.7991128010139417,2522,2522,2522,"{""sharedFormula"":""U183""}",1,0.225,567.45,567.45,"{""sharedFormula"":""Z183""}",,MC
P53,2331,,L190GM,PC,7281,7281,1,"{""sharedFormula"":""I183""}",0.51,3713.31,JPY(¥),,1104.4869264000001,0.1567031808967531,PTUC PRODUCT (KTE ),0.7994780936684521,5821,5821,5821,"{""sharedFormula"":""U183""}",1,0.225,1309.7250000000001,1309.7250000000001,"{""sharedFormula"":""Z183""}",,MC
P53,2332,,L190GH,PC,9297,9297,1,"{""sharedFormula"":""I183""}",0.51,4741.47,JPY(¥),,1410.3028368000003,0.157864757758968,PTUC PRODUCT (KTE ),0.8005808325266215,7443,7443,7443,"{""sharedFormula"":""U183""}",1,0.225,1674.675,1674.675,"{""sharedFormula"":""Z183""}",,MC
P53,2333,,L225GS,PC,4453,4453,1,"{""sharedFormula"":""I183""}",0.51,2271.03,JPY(¥),,675.4951632000002,0.1554990927332393,PTUC PRODUCT (KTE ),0.7983381989669885,3555,3555,3555,"{""sharedFormula"":""U183""}",1,0.225,799.875,799.875,"{""sharedFormula"":""Z183""}",,MC
P53,2334,,L225GM,PC,10281,10281,1,"{""sharedFormula"":""I183""}",0.51,5243.31,JPY(¥),,1559.5701264000004,0.1568637898065927,PTUC PRODUCT (KTE ),0.7996303861492072,8221,8221,8221,"{""sharedFormula"":""U183""}",1,0.225,1849.7250000000001,1849.7250000000001,"{""sharedFormula"":""Z183""}",,MC
P53,2335,,L225GH,PC,13234,13234,1,"{""sharedFormula"":""I183""}",0.51,6749.34,JPY(¥),,2007.5236896000004,0.15811214292004772,PTUC PRODUCT (KTE ),0.8008160797944688,10598,10598,10598,"{""sharedFormula"":""U183""}",1,0.225,2384.55,2384.55,"{""sharedFormula"":""Z183""}",,MC
K73,0406,TL10FRICTIONFACING,TL10A,PC,7920,7920,1,,0.4,3168,JPY(¥),,942.2899200000002,0.08759145969498895,PTUC PRODUCT (KTE ),0.5795454545454546,4590,4590,4590,,1,0.225,1032.75,1032.75,,,TYC (MOTION CONTROL)
K73,0501,,TL200-1C,PC,21600,21600,1,"{""sharedFormula"":""I210""}",0.4,8640,JPY(¥),,2569.8816000000006,0.06225812807881751,PTUC PRODUCT (KTE ),0.5638888888888889,12180,12180,12180,"{""sharedFormula"":""U210""}",1,0.225,2740.5,2740.5,"{""sharedFormula"":""Z210""}",,TYC (MOTION CONTROL)
K73,0502,,TL200-2C,PC,23180,23180,1,"{""sharedFormula"":""I210""}",0.4,9272,JPY(¥),,2757.8636800000004,0.06290734624532762,PTUC PRODUCT (KTE ),0.5642795513373597,13079.999999999998,13079.999999999998,13080,1.3906646816099822e-16,1,0.225,2942.9999999999995,2942.9999999999995,"{""sharedFormula"":""Z210""}",,TYC (MOTION CONTROL)
K73,0401,TL200FRICTIONFACING,TL200A,PC,1100,1100,1,"{""sharedFormula"":""I210""}",0.4,440,JPY(¥),,130.8736,0.09257340960305067,PTUC PRODUCT (KTE ),0.5827272727272728,641,641,641,"{""sharedFormula"":""U210""}",1,0.225,144.225,144.225,"{""sharedFormula"":""Z210""}",,TYC (MOTION CONTROL)
K73,0301,TL200DISCSPRING,TL200S,PC,1580,1580,1,"{""sharedFormula"":""I210""}",0.4,632,JPY(¥),,187.98208000000002,0.09678279879879868,PTUC PRODUCT (KTE ),0.5854430379746836,925,925,925,"{""sharedFormula"":""U210""}",1,0.225,208.125,208.125,"{""sharedFormula"":""Z210""}",,TYC (MOTION CONTROL)
K73,0503,,TL250-1C,PC,28800,28800,1,"{""sharedFormula"":""I210""}",0.4,11520,JPY(¥),,3426.5088000000005,0.07027301587301574,PTUC PRODUCT (KTE ),0.56875,16380,16380,16380,"{""sharedFormula"":""U210""}",1,0.225,3685.5,3685.5,"{""sharedFormula"":""Z210""}",,TYC (MOTION CONTROL)
K73,0504,,TL250-2C,PC,31280,31280,1,"{""sharedFormula"":""I210""}",0.4,12512,JPY(¥),,3721.56928,0.0692004551991496,PTUC PRODUCT (KTE ),0.5680946291560103,17770,17770,17770,"{""sharedFormula"":""U210""}",1,0.225,3998.25,3998.25,"{""sharedFormula"":""Z210""}",,TYC (MOTION CONTROL)
K73,0402,TL250FRICTIONFACING,TL250A,PC,1360,1360,1,"{""sharedFormula"":""I210""}",0.4,544,JPY(¥),,161.80736000000002,0.08969136427566812,PTUC PRODUCT (KTE ),0.5808823529411765,790.0000000000001,790.0000000000001,790,-1.4390738952103293e-16,1,0.225,177.75000000000003,177.75000000000003,"{""sharedFormula"":""Z210""}",,TYC (MOTION CONTROL)
K73,0302,TL250DISCSPRING,TL250S,PC,2480,2480,1,"{""sharedFormula"":""I210""}",0.4,992,JPY(¥),,295.06048000000004,0.08931950617283937,PTUC PRODUCT (KTE ),0.5806451612903226,1440,1440,1440,"{""sharedFormula"":""U210""}",1,0.225,324,324,"{""sharedFormula"":""Z210""}",,TYC (MOTION CONTROL)
K73,0505,,TL350-1C,PC,40400,40400,1,"{""sharedFormula"":""I210""}",0.4,16160,JPY(¥),,4806.6304,0.06467592916909888,PTUC PRODUCT (KTE ),0.5653465346534653,22839.999999999996,22839.999999999996,22840,1.5928103358545156e-16,1,0.225,5138.999999999999,5138.999999999999,"{""sharedFormula"":""Z210""}",,TYC (MOTION CONTROL)
K73,0506,,TL350-2C,PC,45500,45500,1,"{""sharedFormula"":""I210""}",0.4,18200,JPY(¥),,5413.408000000001,0.06492067193505181,PTUC PRODUCT (KTE ),0.5654945054945055,25730,25730,25730,"{""sharedFormula"":""U210""}",1,0.225,5789.25,5789.25,"{""sharedFormula"":""Z210""}",,TYC (MOTION CONTROL)
K73,0403,TL350FRICTIONFACING,TL350A,PC,1720,1720,1,"{""sharedFormula"":""I210""}",0.4,688,JPY(¥),,204.63872000000003,0.09949958195819578,PTUC PRODUCT (KTE ),0.5872093023255814,1010.0000000000001,1010.0000000000001,1010,-1.1256122546694654e-16,1,0.225,227.25000000000003,227.25000000000003,"{""sharedFormula"":""Z210""}",,TYC (MOTION CONTROL)
K73,0303,TL350DISCSPRING,TL350S,PC,5100,5100,1,"{""sharedFormula"":""I210""}",0.4,2040,JPY(¥),,606.7776000000001,0.09199012345678995,PTUC PRODUCT (KTE ),0.5823529411764706,2970,2970,2970,"{""sharedFormula"":""U210""}",1,0.225,668.25,668.25,"{""sharedFormula"":""Z210""}",,TYC (MOTION CONTROL)
K73,0507,,TL500-1C,PC,69000,69000,1,"{""sharedFormula"":""I210""}",0.4,27600,JPY(¥),,8209.344000000001,0.06899787360721261,PTUC PRODUCT (KTE ),0.5679710144927537,39190,39190,39190,"{""sharedFormula"":""U210""}",1,0.225,8817.75,8817.75,"{""sharedFormula"":""Z210""}",,TYC (MOTION CONTROL)
K73,0508,,TL500-2C,PC,75440,75440,1,"{""sharedFormula"":""I210""}",0.4,30176,JPY(¥),,8975.54944,0.06752382317801647,PTUC PRODUCT (KTE ),0.5670731707317073,42779.99999999999,42779.99999999999,42780,1.700784856050357e-16,1,0.225,9625.499999999998,9625.499999999998,"{""sharedFormula"":""Z210""}",,TYC (MOTION CONTROL)
K73,0404,TL500FRICTIONFACING,TL500A,PC,2720,2720,1,"{""sharedFormula"":""I210""}",0.4,1088,JPY(¥),,323.61472000000003,0.09541657582110402,PTUC PRODUCT (KTE ),0.5845588235294118,1590,1590,1590,"{""sharedFormula"":""U210""}",1,0.225,357.75,357.75,"{""sharedFormula"":""Z210""}",,TYC (MOTION CONTROL)
K73,0304,TL500DISCSPRING,TL500S,PC,6440,6440,1,"{""sharedFormula"":""I210""}",0.4,2576,JPY(¥),,766.2054400000002,0.07210966999697223,PTUC PRODUCT (KTE ),0.5698757763975155,3670,3670,3670,"{""sharedFormula"":""U210""}",1,0.225,825.75,825.75,"{""sharedFormula"":""Z210""}",,TYC (MOTION CONTROL)
K73,0509,,TL700-1C,PC,120800,120800,1,"{""sharedFormula"":""I210""}",0.4,48320,JPY(¥),,14372.300800000003,0.07223104655854094,PTUC PRODUCT (KTE ),0.5699503311258278,68850,68850,68850,"{""sharedFormula"":""U210""}",1,0.225,15491.25,15491.25,"{""sharedFormula"":""Z210""}",,TYC (MOTION CONTROL)
K73,0510,,TL700-2C,PC,132560,132560,1,"{""sharedFormula"":""I210""}",0.4,53024,JPY(¥),,15771.458560000003,0.07096923289890271,PTUC PRODUCT (KTE ),0.569176222088111,75450,75450,75450,"{""sharedFormula"":""U210""}",1,0.225,16976.25,16976.25,"{""sharedFormula"":""Z210""}",,TYC (MOTION CONTROL)
K73,0405,TL700FRICTIONFACING,TL700A,PC,4800,4800,1,"{""sharedFormula"":""I210""}",0.4,1920,JPY(¥),,571.0848000000001,0.09026714456391861,PTUC PRODUCT (KTE ),0.58125,2790,2790,2790,"{""sharedFormula"":""U210""}",1,0.225,627.75,627.75,"{""sharedFormula"":""Z210""}",,TYC (MOTION CONTROL)
K73,0305,TL700DISCSPRING,TL700S,PC,11760,11760,1,"{""sharedFormula"":""I210""}",0.4,4704,JPY(¥),,1399.15776,0.07737701285855585,PTUC PRODUCT (KTE ),0.5731292517006803,6740,6740,6740,"{""sharedFormula"":""U210""}",1,0.225,1516.5,1516.5,"{""sharedFormula"":""Z210""}",,TYC (MOTION CONTROL)
P71,0001,,CR3812H,PC,1190,1190,1,"{""sharedFormula"":""I210""}",1,1190,JPY(¥),,353.95360000000005,0.07463111111111098,PTUC PRODUCT (KTE ),1.4285714285714286,1700,1700,1700,"{""sharedFormula"":""U210""}",1,0.225,382.5,382.5,"{""sharedFormula"":""Z210""}",,MC
P71,0002,,CR4012H,PC,1430,1430,1,,1,1430,JPY(¥),,425.3392,0.06877022441160371,PTUC PRODUCT (KTE ),1.4195804195804196,2030,2030,2030,,1,0.225,456.75,456.75,,,MC
P71,0003,,CR4014H,PC,1910,1910,1,"{""sharedFormula"":""I232""}",1,1910,JPY(¥),,568.1104000000001,0.05786003316749562,PTUC PRODUCT (KTE ),1.4031413612565444,2680,2680,2680,"{""sharedFormula"":""U232""}",1,0.225,603,603,"{""sharedFormula"":""Z232""}",,MC
P71,0004,,CR4016H,PC,2680,2680,1,"{""sharedFormula"":""I232""}",1,2680,JPY(¥),,797.1392000000002,0.05524242962962941,PTUC PRODUCT (KTE ),1.3992537313432836,3750,3750,3750,"{""sharedFormula"":""U232""}",1,0.225,843.75,843.75,"{""sharedFormula"":""Z232""}",,MC
P71,0005,,CR5014H,PC,3180,3180,1,"{""sharedFormula"":""I232""}",1,3180,JPY(¥),,945.8592000000002,0.05743976083707004,PTUC PRODUCT (KTE ),1.4025157232704402,4460,4460,4460,"{""sharedFormula"":""U232""}",1,0.225,1003.5,1003.5,"{""sharedFormula"":""Z232""}",,MC
P71,0006,,CR5016H,PC,3520,3520,1,"{""sharedFormula"":""I232""}",1,3520,JPY(¥),,1046.9888,0.059942716049382644,PTUC PRODUCT (KTE ),1.40625,4950,4950,4950,"{""sharedFormula"":""U232""}",1,0.225,1113.75,1113.75,"{""sharedFormula"":""Z232""}",,MC
P71,0007,,CR5018H,PC,3840,3840,1,"{""sharedFormula"":""I232""}",1,3840,JPY(¥),,1142.1696000000002,0.05644807930607173,PTUC PRODUCT (KTE ),1.4010416666666667,5380,5380,5380,"{""sharedFormula"":""U232""}",1,0.225,1210.5,1210.5,"{""sharedFormula"":""Z232""}",,MC
P71,0008,,CR6018H,PC,6430,6430,1,"{""sharedFormula"":""I232""}",1,6430,JPY(¥),,1912.5392000000004,0.055536197530864,PTUC PRODUCT (KTE ),1.3996889580093312,9000,9000,9000,"{""sharedFormula"":""U232""}",1,0.225,2025,2025,"{""sharedFormula"":""Z232""}",,MC
P71,0009,,CR6022H,PC,8190,8190,1,"{""sharedFormula"":""I232""}",1,8190,JPY(¥),,2436.0336,0.056897560975609676,PTUC PRODUCT (KTE ),1.4017094017094016,11480,11480,11480,"{""sharedFormula"":""U232""}",1,0.225,2583,2583,"{""sharedFormula"":""Z232""}",,MC
P71,0010,,CR8018H,PC,14070,14070,1,"{""sharedFormula"":""I232""}",1,14070,JPY(¥),,4184.9808,0.05536238361266288,PTUC PRODUCT (KTE ),1.3994314143567874,19690,19690,19690,"{""sharedFormula"":""U232""}",1,0.225,4430.25,4430.25,"{""sharedFormula"":""Z232""}",,MC
P71,0011,,CR8022H,PC,24020,24020,1,"{""sharedFormula"":""I232""}",1,24020,JPY(¥),,7144.508800000001,0.003972006134113713,PTUC PRODUCT (KTE ),1.3272273105745211,31879.999999999996,31879.999999999996,31880,1.1411476810199854e-16,1,0.225,7172.999999999999,7172.999999999999,"{""sharedFormula"":""Z232""}",,MC
P71,0012,,CR10020H,PC,40330,40330,1,"{""sharedFormula"":""I232""}",1,40330,JPY(¥),,11995.755200000001,-0.016869493716489988,PTUC PRODUCT (KTE ),1.3000247954376394,52429.99999999999,52429.99999999999,52430,1.3877470177729213e-16,1,0.225,11796.749999999998,11796.749999999998,"{""sharedFormula"":""Z232""}",,MC
P71,0013,,CR12018H,PC,50960,50960,1,"{""sharedFormula"":""I232""}",1,50960,JPY(¥),,15157.542400000002,0.0542348011917574,PTUC PRODUCT (KTE ),1.3977629513343799,71230,71230,71230,"{""sharedFormula"":""U232""}",1,0.225,16026.75,16026.75,"{""sharedFormula"":""Z232""}",,MC
P71,0014,,CR12022H,PC,75110,75110,1,"{""sharedFormula"":""I232""}",1,75110,JPY(¥),,22340.718400000005,0.05427105650273549,PTUC PRODUCT (KTE ),1.3978165357475703,104990,104990,104990,"{""sharedFormula"":""U232""}",1,0.225,23622.75,23622.75,"{""sharedFormula"":""Z232""}",,MC
P71,0015,,CR16018H,PC,92970,92970,1,"{""sharedFormula"":""I232""}",1,92970,JPY(¥),,27652.996800000004,0.0543801800415479,PTUC PRODUCT (KTE ),1.397977842314725,129970,129970,129970,"{""sharedFormula"":""U232""}",1,0.225,29243.25,29243.25,"{""sharedFormula"":""Z232""}",,MC
P71,0030,,CR3812K,PC,1540,1540,1,"{""sharedFormula"":""I232""}",1,1540,JPY(¥),,458.0576000000001,0.039711530398322654,PTUC PRODUCT (KTE ),1.3766233766233766,2120,2120,2120,"{""sharedFormula"":""U232""}",1,0.225,477,477,"{""sharedFormula"":""Z232""}",,MC
P71,0031,,CR4012K,PC,1810,1810,1,"{""sharedFormula"":""I232""}",1,1810,JPY(¥),,538.3664000000001,0.06167076252723292,PTUC PRODUCT (KTE ),1.408839779005525,2550,2550,2550,"{""sharedFormula"":""U232""}",1,0.225,573.75,573.75,"{""sharedFormula"":""Z232""}",,MC
P71,0032,,CR4014K,PC,1970,1970,1,"{""sharedFormula"":""I232""}",1,1970,JPY(¥),,585.9568,0.0665761847869374,PTUC PRODUCT (KTE ),1.416243654822335,2790,2790,2790,"{""sharedFormula"":""U232""}",1,0.225,627.75,627.75,"{""sharedFormula"":""Z232""}",,MC
P71,0033,,CR4016K,PC,1980,1980,1,"{""sharedFormula"":""I232""}",1,1980,JPY(¥),,588.9312000000001,0.06518857142857126,PTUC PRODUCT (KTE ),1.4141414141414141,2800,2800,2800,"{""sharedFormula"":""U232""}",1,0.225,630,630,"{""sharedFormula"":""Z232""}",,MC
P71,0034,,CR5014K,PC,2300,2300,1,"{""sharedFormula"":""I232""}",1,2300,JPY(¥),,684.1120000000001,0.0615747599451302,PTUC PRODUCT (KTE ),1.4086956521739131,3240,3240,3240,"{""sharedFormula"":""U232""}",1,0.225,729,729,"{""sharedFormula"":""Z232""}",,MC
P71,0035,,CR5016K,PC,2560,2560,1,"{""sharedFormula"":""I232""}",1,2560,JPY(¥),,761.4464000000002,0.059942716049382526,PTUC PRODUCT (KTE ),1.40625,3600,3600,3600,"{""sharedFormula"":""U232""}",1,0.225,810,810,"{""sharedFormula"":""Z232""}",,MC
P71,0036,,CR5018K,PC,2940,2940,1,"{""sharedFormula"":""I232""}",1,2940,JPY(¥),,874.4736000000001,0.05206113821138195,PTUC PRODUCT (KTE ),1.3945578231292517,4100,4100,4100,"{""sharedFormula"":""U232""}",1,0.225,922.5,922.5,"{""sharedFormula"":""Z232""}",,MC
P71,0037,,CR6018K,PC,3740,3740,1,"{""sharedFormula"":""I232""}",1,3740,JPY(¥),,1112.4256,0.05285176670923795,PTUC PRODUCT (KTE ),1.3957219251336899,5220,5220,5220,"{""sharedFormula"":""U232""}",1,0.225,1174.5,1174.5,"{""sharedFormula"":""Z232""}",,MC
P71,0038,,CR6022K,PC,4770,4770,1,"{""sharedFormula"":""I232""}",1,4770,JPY(¥),,1418.7888000000003,0.051770225563909596,PTUC PRODUCT (KTE ),1.3941299790356394,6650,6650,6650,"{""sharedFormula"":""U232""}",1,0.225,1496.25,1496.25,"{""sharedFormula"":""Z232""}",,MC
P71,0039,,CR8018K,PC,6180,6180,1,"{""sharedFormula"":""I232""}",1,6180,JPY(¥),,1838.1792000000003,0.05879201228878635,PTUC PRODUCT (KTE ),1.4045307443365695,8680,8680,8680,"{""sharedFormula"":""U232""}",1,0.225,1953,1953,"{""sharedFormula"":""Z232""}",,MC
P71,0040,,CR8022K,PC,7290,7290,1,"{""sharedFormula"":""I232""}",1,7290,JPY(¥),,2168.3376000000003,0.05519058823529399,PTUC PRODUCT (KTE ),1.3991769547325104,10200,10200,10200,"{""sharedFormula"":""U232""}",1,0.225,2295,2295,"{""sharedFormula"":""Z232""}",,MC
P71,0041,,CR10020K,PC,13600,13600,1,"{""sharedFormula"":""I232""}",1,13600,JPY(¥),,4045.1840000000007,0.05574603174603159,PTUC PRODUCT (KTE ),1.4,19040,19040,19040,"{""sharedFormula"":""U232""}",1,0.225,4284,4284,"{""sharedFormula"":""Z232""}",,MC
P71,0042,,CR12018K,PC,16080,16080,1,"{""sharedFormula"":""I232""}",1,16080,JPY(¥),,4782.8352,0.055242429629629546,PTUC PRODUCT (KTE ),1.3992537313432836,22500,22500,22500,"{""sharedFormula"":""U232""}",1,0.225,5062.5,5062.5,"{""sharedFormula"":""Z232""}",,MC
P71,0043,,CR12022K,PC,21250,21250,1,"{""sharedFormula"":""I232""}",1,21250,JPY(¥),,6320.600000000001,0.05511081212392999,PTUC PRODUCT (KTE ),1.3990588235294117,29730,29730,29730,"{""sharedFormula"":""U232""}",1,0.225,6689.25,6689.25,"{""sharedFormula"":""Z232""}",,MC
P71,0044,,CR16018K,PC,58080,58080,1,"{""sharedFormula"":""I232""}",1,58080,JPY(¥),,17275.3152,0.0544436124794745,PTUC PRODUCT (KTE ),1.3980716253443526,81200,81200,81200,"{""sharedFormula"":""U232""}",1,0.225,18270,18270,"{""sharedFormula"":""Z232""}",,MC